k,optimizer,best_A,best_B,best_C,best_D
0.0,GD_fixed,0.16849199663016007,0.022254367419606097,0.0,0.022254367419606097
0.0,Adam,0.2066115702479339,0.0,0.0,0.0
0.0,RMSProp,1.0,0.0,1.0,0.0
0.0,AdaGrad,0.20060180541624872,0.0,0.0,0.0
0.0,AdamW,0.20491803278688525,0.0,0.0,0.0
0.0,SGD_Nesterov,0.26143790849673204,0.037320395596193316,0.0,0.037320395596193316
0.0,Lion,0.025634452704434763,0.0,0.0,0.0
0.5882,GD_fixed,0.2898550724637681,0.6097560975609756,0.8658008658008658,0.3484320557491289
0.5882,Adam,0.21927464008859357,0.4504504504504504,0.5154639175257733,0.2805049088359046
0.5882,RMSProp,1.0,0.3831417624521073,0.9950248756218907,0.28449502133712656
0.5882,AdaGrad,0.10875868917576961,0.4618937644341801,0.6369426751592356,0.38986354775828463
0.5882,AdamW,0.21734906695938527,0.4504504504504504,0.5154639175257733,0.2805049088359046
0.5882,SGD_Nesterov,0.6191950464396285,0.60790273556231,0.9345794392523364,0.3780718336483932
0.5882,Lion,0.0,0.24539877300613497,0.23282887077997672,0.1858736059479554
1.1765,GD_fixed,0.6349206349206349,0.6042296072507553,0.970873786407767,0.5952380952380952
1.1765,Adam,0.21773220747889022,0.4618937644341801,0.4938271604938272,0.44150110375275936
1.1765,RMSProp,1.0,0.3846153846153846,0.8163265306122448,0.3838771593090211
1.1765,AdaGrad,0.01916666666666667,0.4597701149425288,0.5847953216374269,0.4587155963302752
1.1765,AdamW,0.21498783454987833,0.4618937644341801,0.4938271604938272,0.44150110375275936
1.1765,SGD_Nesterov,0.8583690987124464,0.3992015968063872,0.9852216748768474,0.39840637450199207
1.1765,Lion,0.0,0.24509803921568626,0.28368794326241137,0.24242424242424243
1.7647,GD_fixed,0.8230452674897119,0.31746031746031744,0.9852216748768474,0.31746031746031744
1.7647,Adam,0.23157318741450067,0.4629629629629629,0.5102040816326531,0.45248868778280543
1.7647,RMSProp,1.0,0.3861003861003861,0.7633587786259541,0.3861003861003861
1.7647,AdaGrad,0.012727272727272728,0.4587155963302752,0.5649717514124294,0.4587155963302752
1.7647,AdamW,0.22593793103448276,0.4618937644341801,0.5102040816326531,0.4514672686230249
1.7647,SGD_Nesterov,0.9259259259259258,0.49751243781094534,0.9852216748768474,0.49751243781094534
1.7647,Lion,0.0,0.24570024570024568,0.30165912518853694,0.24570024570024568
2.3529,GD_fixed,0.8849557522123894,0.3780718336483932,0.9852216748768474,0.3780718336483932
2.3529,Adam,0.2480625,0.46511627906976744,0.5376344086021505,0.4597701149425288
2.3529,RMSProp,1.0,0.3853564547206165,0.7380073800738007,0.3853564547206165
2.3529,AdaGrad,0.006805555555555556,0.4566210045662101,0.5649717514124294,0.4566210045662101
2.3529,AdamW,0.24612813370473538,0.46511627906976744,0.53475935828877,0.4597701149425288
2.3529,SGD_Nesterov,0.9661835748792271,0.56657223796034,0.9900990099009901,0.56657223796034
2.3529,Lion,0.0,0.24630541871921185,0.31446540880503143,0.24630541871921185
2.9412,GD_fixed,0.9302325581395349,0.44150110375275936,0.9900990099009901,0.44150110375275936
2.9412,Adam,0.2574893009985734,0.46511627906976744,0.5617977528089888,0.4608294930875576
2.9412,RMSProp,1.0,0.3861003861003861,0.7352941176470588,0.3861003861003861
2.9412,AdaGrad,0.006206896551724138,0.4566210045662101,0.5847953216374269,0.4566210045662101
2.9412,AdamW,0.25675675675675674,0.46511627906976744,0.5602240896358543,0.4608294930875576
2.9412,SGD_Nesterov,0.9756097560975611,0.6097560975609756,0.9950248756218907,0.6097560975609756
2.9412,Lion,0.0,0.24752475247524752,0.3327787021630616,0.24752475247524752
3.5294,GD_fixed,0.9389671361502347,0.48661800486618,0.9900990099009901,0.48661800486618
3.5294,Adam,0.25847322720694643,0.4662004662004662,0.5847953216374269,0.4629629629629629
3.5294,RMSProp,1.0,0.38759689922480617,0.7326007326007326,0.38759689922480617
3.5294,AdaGrad,0.004,0.4566210045662101,0.5847953216374269,0.4566210045662101
3.5294,AdamW,0.2569444444444445,0.46511627906976744,0.5847953216374269,0.4618937644341801
3.5294,SGD_Nesterov,0.9756097560975611,0.6514657980456027,1.0,0.6514657980456027
3.5294,Lion,0.0,0.24600246002460022,0.34423407917383825,0.24600246002460022
4.1176,GD_fixed,0.9569377990430623,0.5235602094240838,0.9900990099009901,0.5235602094240838
4.1176,Adam,0.2707042253521127,0.4662004662004662,0.6006006006006006,0.46511627906976744
4.1176,RMSProp,1.0,0.3883495145631068,0.7326007326007326,0.3883495145631068
4.1176,AdaGrad,0.0025,0.45766590389016015,0.5934718100890207,0.45766590389016015
4.1176,AdamW,0.2596046511627907,0.4662004662004662,0.6006006006006006,0.46511627906976744
4.1176,SGD_Nesterov,0.9756097560975611,0.5988023952095809,1.0,0.5952380952380952
4.1176,Lion,0.0,0.24630541871921185,0.35335689045936397,0.24630541871921185
4.7059,GD_fixed,0.970873786407767,0.5586592178770949,0.9950248756218907,0.5586592178770949
4.7059,Adam,0.27553625377643504,0.4618937644341801,0.6006006006006006,0.4608294930875576
4.7059,RMSProp,1.0,0.3846153846153846,0.7272727272727273,0.3846153846153846
4.7059,AdaGrad,0.005208333333333334,0.4535147392290249,0.591715976331361,0.4535147392290249
4.7059,AdamW,0.26857142857142857,0.4618937644341801,0.6006006006006006,0.4608294930875576
4.7059,SGD_Nesterov,0.9852216748768474,0.49504950495049505,1.0,0.48899755501222497
4.7059,Lion,0.0,0.24449877750611249,0.3552397868561279,0.24449877750611249
5.2941,GD_fixed,0.9756097560975611,0.5847953216374269,1.0,0.5847953216374269
5.2941,Adam,0.28261760242792106,0.4629629629629629,0.6097560975609756,0.4629629629629629
5.2941,RMSProp,1.0,0.3861003861003861,0.7380073800738007,0.3861003861003861
5.2941,AdaGrad,0.004210526315789474,0.4566210045662101,0.6060606060606061,0.4566210045662101
5.2941,AdamW,0.2751206636500754,0.4629629629629629,0.6097560975609756,0.4629629629629629
5.2941,SGD_Nesterov,0.9852216748768474,0.351072695035461,1.0,0.3498321554770318
5.2941,Lion,0.0,0.24479804161566707,0.3623188405797102,0.24479804161566707
5.8824,GD_fixed,0.9756097560975611,0.6116207951070336,1.0,0.6116207951070336
5.8824,Adam,0.28012158054711245,0.4629629629629629,0.6172839506172839,0.4629629629629629
5.8824,RMSProp,1.0,0.3868471953578337,0.7434944237918216,0.3868471953578337
5.8824,AdaGrad,0.004210526315789474,0.4566210045662101,0.6024096385542169,0.4566210045662101
5.8824,AdamW,0.2835692307692308,0.4629629629629629,0.6172839506172839,0.4629629629629629
5.8824,SGD_Nesterov,0.9852216748768474,0.2785515320334262,1.0,0.2785515320334262
5.8824,Lion,0.0,0.24420024420024422,0.36101083032490977,0.24420024420024422
6.4706,GD_fixed,0.9756097560975611,0.6309148264984227,1.0,0.6309148264984227
6.4706,Adam,0.2783931240657698,0.4629629629629629,0.6230529595015576,0.4629629629629629
6.4706,RMSProp,1.0,0.3861003861003861,0.7434944237918216,0.3861003861003861
6.4706,AdaGrad,0.0022222222222222222,0.4566210045662101,0.60790273556231,0.4566210045662101
6.4706,AdamW,0.288177641653905,0.4629629629629629,0.6230529595015576,0.4629629629629629
6.4706,SGD_Nesterov,0.9900990099009901,0.29325513196480935,1.0,0.29325513196480935
6.4706,Lion,0.0,0.24420024420024422,0.3629764065335753,0.24420024420024422
7.0588,GD_fixed,0.9756097560975611,0.6578947368421053,1.0,0.6578947368421053
7.0588,Adam,0.2893835616438356,0.4618937644341801,0.6329113924050632,0.4618937644341801
7.0588,RMSProp,1.0,0.3861003861003861,0.7547169811320755,0.3861003861003861
7.0588,AdaGrad,0.005294117647058823,0.4566210045662101,0.6134969325153374,0.4566210045662101
7.0588,AdamW,0.28521439509954055,0.4618937644341801,0.6289308176100629,0.4618937644341801
7.0588,SGD_Nesterov,0.9900990099009901,0.3067484662576687,1.0,0.3067484662576687
7.0588,Lion,0.0,0.24449877750611249,0.36496350364963503,0.24449877750611249
7.6471,GD_fixed,0.9756097560975611,0.5681818181818182,1.0,0.5617977528089888
7.6471,Adam,0.2925,0.4618937644341801,0.6369426751592356,0.4618937644341801
7.6471,RMSProp,1.0,0.3861003861003861,0.7575757575757576,0.3861003861003861
7.6471,AdaGrad,0.005,0.4566210045662101,0.6172839506172839,0.4566210045662101
7.6471,AdamW,0.28434351145038167,0.4618937644341801,0.6369426751592356,0.4618937644341801
7.6471,SGD_Nesterov,0.9900990099009901,0.3236245954692557,1.0,0.3236245954692557
7.6471,Lion,0.0,0.24449877750611249,0.3656307129798903,0.24449877750611249
8.2353,GD_fixed,0.9803921568627451,0.4164524421593831,1.0,0.41289948453608244
8.2353,Adam,0.29400757575757575,0.4629629629629629,0.6493506493506493,0.4629629629629629
8.2353,RMSProp,1.0,0.3868471953578337,0.7604562737642586,0.3868471953578337
8.2353,AdaGrad,0.005625,0.45766590389016015,0.625,0.45766590389016015
8.2353,AdamW,0.2863328313253012,0.4629629629629629,0.6493506493506493,0.4629629629629629
8.2353,SGD_Nesterov,0.9900990099009901,0.3361344537815126,1.0,0.3361344537815126
8.2353,Lion,0.0,0.24479804161566707,0.3676470588235294,0.24479804161566707
8.8235,GD_fixed,0.9852216748768474,0.32320448877805485,1.0,0.32320448877805485
8.8235,Adam,0.2952251552795031,0.4629629629629629,0.6514657980456027,0.4629629629629629
8.8235,RMSProp,1.0,0.3868471953578337,0.7633587786259541,0.3868471953578337
8.8235,AdaGrad,0.005,0.45766590389016015,0.6269592476489029,0.45766590389016015
8.8235,AdamW,0.29220496894409936,0.4629629629629629,0.6514657980456027,0.4629629629629629
8.8235,SGD_Nesterov,0.9900990099009901,0.3460207612456747,1.0,0.3460207612456747
8.8235,Lion,0.0,0.24479804161566707,0.3676470588235294,0.24479804161566707
9.4118,GD_fixed,0.9852216748768474,0.27027027027027023,1.0,0.25157232704402516
9.4118,Adam,0.2935725429017161,0.4629629629629629,0.6578947368421053,0.4629629629629629
9.4118,RMSProp,1.0,0.3868471953578337,0.7662835249042146,0.3868471953578337
9.4118,AdaGrad,0.007000000000000001,0.45766590389016015,0.6329113924050632,0.45766590389016015
9.4118,AdamW,0.2916027607361963,0.4629629629629629,0.6578947368421053,0.4629629629629629
9.4118,SGD_Nesterov,0.9950248756218907,0.35650623885918004,1.0,0.35650623885918004
9.4118,Lion,0.0,0.24479804161566707,0.37037037037037035,0.24479804161566707
10.0,GD_fixed,0.9852216748768474,0.2881844380403458,1.0,0.28653295128939826
10.0,Adam,0.2926594090202177,0.4629629629629629,0.6688963210702341,0.4629629629629629
10.0,RMSProp,1.0,0.3868471953578337,0.7662835249042146,0.3868471953578337
10.0,AdaGrad,0.007205882352941177,0.45766590389016015,0.641025641025641,0.45766590389016015
10.0,AdamW,0.2926594090202177,0.4629629629629629,0.6688963210702341,0.4629629629629629
10.0,SGD_Nesterov,0.9950248756218907,0.36697247706422015,1.0,0.36697247706422015
10.0,Lion,0.0,0.24479804161566707,0.37243947858473,0.24479804161566707
